{
  "method": "iterative extraction of equal/opposite bit pairs from pair projections, parity union-find rewriting, and table canonicalization",
  "input": "C:\\projects\\tables\\data\\derived\\tables.subset_pruned.forced.json",
  "output": "C:\\projects\\tables\\data\\derived\\tables.subset_pruned.forced.pair_reduced.json",
  "iteration_count": 2,
  "iterations": [
    {
      "iteration": 1,
      "input_table_count": 132329,
      "input_arity_distribution": {
        "2": 3980,
        "3": 59280,
        "4": 22569,
        "5": 17889,
        "6": 26976,
        "7": 1365,
        "8": 270
      },
      "relation_pair_count": 4010,
      "bits_involved": 7888,
      "component_count": 3880,
      "replaced_bit_count": 4008,
      "changed_tables": 12134,
      "reduced_arity_tables": 4008,
      "same_arity_changed_tables": 8126,
      "removed_rows": 10,
      "collapsed_duplicate_tables": 4002,
      "output_table_count": 128327,
      "output_arity_distribution": {
        "1": 3860,
        "2": 11,
        "3": 59057,
        "4": 21762,
        "5": 16174,
        "6": 25844,
        "7": 1352,
        "8": 267
      }
    },
    {
      "iteration": 2,
      "input_table_count": 128327,
      "input_arity_distribution": {
        "1": 3860,
        "2": 11,
        "3": 59057,
        "4": 21762,
        "5": 16174,
        "6": 25844,
        "7": 1352,
        "8": 267
      },
      "relation_pair_count": 0,
      "bits_involved": 0,
      "component_count": 0,
      "replaced_bit_count": 0
    }
  ],
  "initial_rank_summary": {
    "metric": "rank = row_count ** (1 / bit_count)",
    "table_count": 132329,
    "min_rank": 1.2599210498948732,
    "max_rank": 1.8340080864093424,
    "mean_rank": 1.6613266082721807,
    "median_rank": 1.681792830507429,
    "unique_signatures": 13,
    "by_arity": [
      {
        "bit_count": 2,
        "table_count": 3980,
        "min_rank": 1.4142135623730951,
        "max_rank": 1.4142135623730951,
        "mean_rank": 1.4142135623730951,
        "median_rank": 1.4142135623730951
      },
      {
        "bit_count": 3,
        "table_count": 59280,
        "min_rank": 1.2599210498948732,
        "max_rank": 1.5874010519681994,
        "mean_rank": 1.5873955276766665,
        "median_rank": 1.5874010519681994
      },
      {
        "bit_count": 4,
        "table_count": 22569,
        "min_rank": 1.4142135623730951,
        "max_rank": 1.681792830507429,
        "mean_rank": 1.681614989707127,
        "median_rank": 1.681792830507429
      },
      {
        "bit_count": 5,
        "table_count": 17889,
        "min_rank": 1.3195079107728942,
        "max_rank": 1.7411011265922482,
        "mean_rank": 1.7410775594160048,
        "median_rank": 1.7411011265922482
      },
      {
        "bit_count": 6,
        "table_count": 26976,
        "min_rank": 1.5874010519681994,
        "max_rank": 1.7817974362806785,
        "mean_rank": 1.7817614049223762,
        "median_rank": 1.7817974362806785
      },
      {
        "bit_count": 7,
        "table_count": 1365,
        "min_rank": 1.640670712015276,
        "max_rank": 1.8114473285278132,
        "mean_rank": 1.8109468842303407,
        "median_rank": 1.8114473285278132
      },
      {
        "bit_count": 8,
        "table_count": 270,
        "min_rank": 1.681792830507429,
        "max_rank": 1.8340080864093424,
        "mean_rank": 1.7669206217710918,
        "median_rank": 1.8340080864093424
      }
    ],
    "top_signatures": [
      {
        "bit_count": 3,
        "row_count": 4,
        "rank": 1.5874010519681994,
        "table_count": 59279
      },
      {
        "bit_count": 6,
        "row_count": 32,
        "rank": 1.7817974362806785,
        "table_count": 26971
      },
      {
        "bit_count": 4,
        "row_count": 8,
        "rank": 1.681792830507429,
        "table_count": 22554
      },
      {
        "bit_count": 5,
        "row_count": 16,
        "rank": 1.7411011265922482,
        "table_count": 17888
      },
      {
        "bit_count": 2,
        "row_count": 2,
        "rank": 1.4142135623730951,
        "table_count": 3980
      },
      {
        "bit_count": 7,
        "row_count": 64,
        "rank": 1.8114473285278132,
        "table_count": 1361
      },
      {
        "bit_count": 8,
        "row_count": 128,
        "rank": 1.8340080864093424,
        "table_count": 151
      },
      {
        "bit_count": 8,
        "row_count": 64,
        "rank": 1.681792830507429,
        "table_count": 119
      },
      {
        "bit_count": 4,
        "row_count": 4,
        "rank": 1.4142135623730951,
        "table_count": 15
      },
      {
        "bit_count": 6,
        "row_count": 16,
        "rank": 1.5874010519681994,
        "table_count": 5
      }
    ]
  },
  "final_rank_summary": {
    "metric": "rank = row_count ** (1 / bit_count)",
    "table_count": 128327,
    "min_rank": 1.4142135623730951,
    "max_rank": 2.0,
    "mean_rank": 1.677097121394887,
    "median_rank": 1.681792830507429,
    "unique_signatures": 13,
    "by_arity": [
      {
        "bit_count": 1,
        "table_count": 3860,
        "min_rank": 2.0,
        "max_rank": 2.0,
        "mean_rank": 2.0,
        "median_rank": 2.0
      },
      {
        "bit_count": 2,
        "table_count": 11,
        "min_rank": 1.4142135623730951,
        "max_rank": 2.0,
        "mean_rank": 1.9467466874884634,
        "median_rank": 2.0
      },
      {
        "bit_count": 3,
        "table_count": 59057,
        "min_rank": 1.5874010519681994,
        "max_rank": 2.0,
        "mean_rank": 1.5874080384210845,
        "median_rank": 1.5874010519681994
      },
      {
        "bit_count": 4,
        "table_count": 21762,
        "min_rank": 1.681792830507429,
        "max_rank": 1.681792830507429,
        "mean_rank": 1.681792830507429,
        "median_rank": 1.681792830507429
      },
      {
        "bit_count": 5,
        "table_count": 16174,
        "min_rank": 1.7411011265922482,
        "max_rank": 1.7411011265922482,
        "mean_rank": 1.7411011265922482,
        "median_rank": 1.7411011265922482
      },
      {
        "bit_count": 6,
        "table_count": 25844,
        "min_rank": 1.5874010519681994,
        "max_rank": 1.7817974362806785,
        "mean_rank": 1.7817673486186585,
        "median_rank": 1.7817974362806785
      },
      {
        "bit_count": 7,
        "table_count": 1352,
        "min_rank": 1.640670712015276,
        "max_rank": 1.8114473285278132,
        "mean_rank": 1.8110683863314099,
        "median_rank": 1.8114473285278132
      },
      {
        "bit_count": 8,
        "table_count": 267,
        "min_rank": 1.681792830507429,
        "max_rank": 1.8340080864093424,
        "mean_rank": 1.766166830033583,
        "median_rank": 1.8340080864093424
      }
    ],
    "top_signatures": [
      {
        "bit_count": 3,
        "row_count": 4,
        "rank": 1.5874010519681994,
        "table_count": 59056
      },
      {
        "bit_count": 6,
        "row_count": 32,
        "rank": 1.7817974362806785,
        "table_count": 25840
      },
      {
        "bit_count": 4,
        "row_count": 8,
        "rank": 1.681792830507429,
        "table_count": 21762
      },
      {
        "bit_count": 5,
        "row_count": 16,
        "rank": 1.7411011265922482,
        "table_count": 16174
      },
      {
        "bit_count": 1,
        "row_count": 2,
        "rank": 2.0,
        "table_count": 3860
      },
      {
        "bit_count": 7,
        "row_count": 64,
        "rank": 1.8114473285278132,
        "table_count": 1349
      },
      {
        "bit_count": 8,
        "row_count": 128,
        "rank": 1.8340080864093424,
        "table_count": 148
      },
      {
        "bit_count": 8,
        "row_count": 64,
        "rank": 1.681792830507429,
        "table_count": 119
      },
      {
        "bit_count": 2,
        "row_count": 4,
        "rank": 2.0,